{
    "a": 19.633692558565524,
    "b": 13278.683615150143,
    "c": 122.75319518785591
}